----------------------
-- Table clients
----------------------

INSERT INTO Clients (idClient,nom,userName,mdp,prenom,telephone,ville,rue,numRue,codePostal,dateNaissance) VALUES (1,'Hernandez','venenatis','Nunc','Caleb','05 17 59 91 06','Maringá','Ap #862-4562 Metus St.',123,'6255','07/02/27');
INSERT INTO Clients (idClient,nom,userName,mdp,prenom,telephone,ville,rue,numRue,codePostal,dateNaissance) VALUES (2,'Snyder','dolor.','Donec','Hedy','06 79 80 29 76','Sioux City','Ap #255-1128 Diam St.',142,'112010','23/04/74');
INSERT INTO Clients (idClient,nom,userName,mdp,prenom,telephone,ville,rue,numRue,codePostal,dateNaissance) VALUES (3,'Cooper','mi','Sed','Karen','08 35 04 58 57','St. Austell','3640 Phasellus St.',96,'7195','27/05/64');
INSERT INTO Clients (idClient,nom,userName,mdp,prenom,telephone,ville,rue,numRue,codePostal,dateNaissance) VALUES (4,'Haney','mattis','Cras','Aphrodite','07 80 65 64 60','Chambave','593-7173 Enim Avenue',120,'J6B 2X3','11/11/61');
INSERT INTO Clients (idClient,nom,userName,mdp,prenom,telephone,ville,rue,numRue,codePostal,dateNaissance) VALUES (5,'Bruce','In','dapibus','Giacomo','08 28 64 18 26','Villar Pellice','P.O. Box 784, 944 Primis Av.',13,'03733','08/09/09');
INSERT INTO Clients (idClient,nom,userName,mdp,prenom,telephone,ville,rue,numRue,codePostal,dateNaissance) VALUES (6,'Marsh','lectus,','Aliquam','Erica','09 65 73 36 03','Damme','P.O. Box 731, 2411 Vel St.',32,'8108','08/09/02');
INSERT INTO Clients (idClient,nom,userName,mdp,prenom,telephone,ville,rue,numRue,codePostal,dateNaissance) VALUES (7,'Lucas','odio','Curabitur','Leo','03 81 26 24 19','Metairie','498-7942 Tellus. Avenue',25,'61975','13/02/05');
INSERT INTO Clients (idClient,nom,userName,mdp,prenom,telephone,ville,rue,numRue,codePostal,dateNaissance) VALUES (8,'Guerrero','facilisis','et','Paki','07 28 16 71 88','Baton Rouge','109 Sem Ave',89,'20702','12/09/35');
INSERT INTO Clients (idClient,nom,userName,mdp,prenom,telephone,ville,rue,numRue,codePostal,dateNaissance) VALUES (9,'Decker','eros.','mauris','Alexis','03 66 74 63 96','Opprebais','P.O. Box 597, 2935 Lorem Av.',59,'325505','10/01/76');
INSERT INTO Clients (idClient,nom,userName,mdp,prenom,telephone,ville,rue,numRue,codePostal,dateNaissance) VALUES (10,'Koch','odio','et','Illana','06 56 21 85 66','Cantley','Ap #499-5553 Vestibulum Avenue',91,'30266','09/02/29');
INSERT INTO Clients (idClient,nom,userName,mdp,prenom,telephone,ville,rue,numRue,codePostal,dateNaissance) VALUES (11,'Castaneda','inceptos','Nullam','Demetria','08 76 82 64 43','Saint-Oyen','P.O. Box 565, 861 Curabitur Rd.',94,'38967-022','30/08/04');
INSERT INTO Clients (idClient,nom,userName,mdp,prenom,telephone,ville,rue,numRue,codePostal,dateNaissance) VALUES (12,'Berg','velit','dui.','Kaden','07 85 53 93 48','Manoppello','896-160 Montes, Ave',96,'1798','03/08/82');
INSERT INTO Clients (idClient,nom,userName,mdp,prenom,telephone,ville,rue,numRue,codePostal,dateNaissance) VALUES (13,'Maynard','arcu.','Quisque','Jerome','04 60 97 59 04','Destelbergen','P.O. Box 739, 2504 Consectetuer Avenue',20,'30-669','19/01/47');
INSERT INTO Clients (idClient,nom,userName,mdp,prenom,telephone,ville,rue,numRue,codePostal,dateNaissance) VALUES (14,'Tyler','felis','Quisque','Jack','01 21 66 39 55','Mission','951-3250 Nunc Av.',111,'4500 KJ','11/11/46');
INSERT INTO Clients (idClient,nom,userName,mdp,prenom,telephone,ville,rue,numRue,codePostal,dateNaissance) VALUES (15,'Bailey','feugiat','nulla.','Oliver','07 30 47 08 06','Taunusstein','6584 Nec Rd.',48,'1374 XC','31/12/74');
INSERT INTO Clients (idClient,nom,userName,mdp,prenom,telephone,ville,rue,numRue,codePostal,dateNaissance) VALUES (16,'Cross','mauris','blandit','Nomlanga','07 77 24 23 61','Feldkirch','4865 Nec Road',47,'942647','21/09/59');
INSERT INTO Clients (idClient,nom,userName,mdp,prenom,telephone,ville,rue,numRue,codePostal,dateNaissance) VALUES (17,'Chambers','blandit','ligula','Quinn','06 30 83 18 96','Heidenheim','939-8216 Vulputate Rd.',53,'131181','10/04/77');
INSERT INTO Clients (idClient,nom,userName,mdp,prenom,telephone,ville,rue,numRue,codePostal,dateNaissance) VALUES (18,'Franks','dui.','mi','Gemma','06 77 15 54 30','Neunkirchen','P.O. Box 311, 5646 Tristique Street',110,'18-065','10/01/52');
INSERT INTO Clients (idClient,nom,userName,mdp,prenom,telephone,ville,rue,numRue,codePostal,dateNaissance) VALUES (19,'Shaffer','ullamcorper.','fermentum','Nasim','04 15 59 49 35','Hull','4506 Mauris. Rd.',7,'225812','10/06/41');
INSERT INTO Clients (idClient,nom,userName,mdp,prenom,telephone,ville,rue,numRue,codePostal,dateNaissance) VALUES (20,'Downs','lacus','fringilla,','Galena','02 51 45 30 11','Río Bueno','193-7752 Malesuada St.',130,'129752','11/08/84');
INSERT INTO Clients (idClient,nom,userName,mdp,prenom,telephone,ville,rue,numRue,codePostal,dateNaissance) VALUES (21,'Obrien','est.','Quisque','Halla','02 26 01 97 91','Bottidda','4212 Consectetuer, Road',140,'43174','09/12/01');
INSERT INTO Clients (idClient,nom,userName,mdp,prenom,telephone,ville,rue,numRue,codePostal,dateNaissance) VALUES (22,'Bryan','et,','Aenean','Ivan','08 18 07 88 26','Dunfermline','1895 Donec Road',72,'78653','21/05/25');
INSERT INTO Clients (idClient,nom,userName,mdp,prenom,telephone,ville,rue,numRue,codePostal,dateNaissance) VALUES (23,'Caldwell','et','Nunc','Hillary','06 59 61 55 15','Veere','Ap #528-7995 Feugiat. St.',96,'86-509','19/02/24');
INSERT INTO Clients (idClient,nom,userName,mdp,prenom,telephone,ville,rue,numRue,codePostal,dateNaissance) VALUES (24,'Adams','diam.','metus.','Jemima','08 95 56 55 34','Chapadinha','9225 Aliquam Road',125,'376930','05/07/23');
INSERT INTO Clients (idClient,nom,userName,mdp,prenom,telephone,ville,rue,numRue,codePostal,dateNaissance) VALUES (25,'Rhodes','sapien','dictum','Tana','07 92 17 72 14','Bayeux','P.O. Box 109, 991 Amet St.',55,'25529','16/01/61');
INSERT INTO Clients (idClient,nom,userName,mdp,prenom,telephone,ville,rue,numRue,codePostal,dateNaissance) VALUES (26,'England','mollis','non,','Kenyon','03 76 88 82 48','Olivola','942-4625 Suspendisse Av.',10,'4832','25/10/47');
INSERT INTO Clients (idClient,nom,userName,mdp,prenom,telephone,ville,rue,numRue,codePostal,dateNaissance) VALUES (27,'Flores','semper','nibh.','Virginia','08 37 71 92 27','Canberra','2105 Ligula Rd.',70,'19-300','29/09/83');
INSERT INTO Clients (idClient,nom,userName,mdp,prenom,telephone,ville,rue,numRue,codePostal,dateNaissance) VALUES (28,'Bush','eleifend,','vestibulum','Chancellor','05 27 88 64 15','Kapfenberg','Ap #682-8528 Mattis Rd.',26,'92500','06/05/36');
INSERT INTO Clients (idClient,nom,userName,mdp,prenom,telephone,ville,rue,numRue,codePostal,dateNaissance) VALUES (29,'Becker','molestie','rutrum','Nita','09 17 11 61 00','Rupelmonde','8665 Sed Rd.',79,'628155','29/09/85');
INSERT INTO Clients (idClient,nom,userName,mdp,prenom,telephone,ville,rue,numRue,codePostal,dateNaissance) VALUES (30,'Cabrera','erat','Maecenas','Angelica','07 28 54 22 09','Cromer','322-3965 Ac St.',63,'750926','07/11/79');
INSERT INTO Clients (idClient,nom,userName,mdp,prenom,telephone,ville,rue,numRue,codePostal,dateNaissance) VALUES (31,'Hernandez','iaculis','fermentum','Hunter','08 46 33 34 09','Villa Alemana','338-3526 Pretium Rd.',120,'4749','10/01/02');
INSERT INTO Clients (idClient,nom,userName,mdp,prenom,telephone,ville,rue,numRue,codePostal,dateNaissance) VALUES (32,'Kirkland','felis.','gravida','Byron','08 63 06 41 11','Artena','Ap #417-4343 Eu Av.',148,'2999','24/04/99');
INSERT INTO Clients (idClient,nom,userName,mdp,prenom,telephone,ville,rue,numRue,codePostal,dateNaissance) VALUES (33,'Collins','ut','Nam','Grady','05 08 45 29 55','Chiusa/Klausen','1375 Blandit Avenue',62,'26675','15/08/66');
INSERT INTO Clients (idClient,nom,userName,mdp,prenom,telephone,ville,rue,numRue,codePostal,dateNaissance) VALUES (34,'Meyers','mattis.','mi.','Norman','08 43 67 69 69','Carterton','Ap #109-8454 Erat. Street',148,'147796','10/08/25');
INSERT INTO Clients (idClient,nom,userName,mdp,prenom,telephone,ville,rue,numRue,codePostal,dateNaissance) VALUES (35,'Bernard','Proin','Nulla','Upton','07 37 78 16 64','Casperia','536-8408 Nec, Rd.',40,'247649','07/06/45');
INSERT INTO Clients (idClient,nom,userName,mdp,prenom,telephone,ville,rue,numRue,codePostal,dateNaissance) VALUES (36,'Powers','tempus','adipiscing','Brent','04 49 83 54 23','NeuprŽ','P.O. Box 629, 3712 Purus Rd.',55,'613081','01/11/73');
INSERT INTO Clients (idClient,nom,userName,mdp,prenom,telephone,ville,rue,numRue,codePostal,dateNaissance) VALUES (37,'Wright','ligula.','augue','Bruno','09 27 57 38 05','Beauwelz','Ap #353-3615 Massa. Rd.',91,'6133 JW','14/10/26');
INSERT INTO Clients (idClient,nom,userName,mdp,prenom,telephone,ville,rue,numRue,codePostal,dateNaissance) VALUES (38,'Garza','arcu','molestie','Peter','02 16 56 36 65','Alsemberg','Ap #374-7688 Tellus Ave',65,'JF2 6YK','23/03/52');
INSERT INTO Clients (idClient,nom,userName,mdp,prenom,telephone,ville,rue,numRue,codePostal,dateNaissance) VALUES (39,'Mclean','pellentesque','a','Philip','05 94 22 68 65','Heidenheim','2791 Eleifend St.',87,'653816','20/06/40');
INSERT INTO Clients (idClient,nom,userName,mdp,prenom,telephone,ville,rue,numRue,codePostal,dateNaissance) VALUES (40,'Hendrix','pharetra.','a,','Kennedy','03 48 37 84 92','Louth','P.O. Box 614, 2214 Ultrices Avenue',10,'33438','26/03/96');
INSERT INTO Clients (idClient,nom,userName,mdp,prenom,telephone,ville,rue,numRue,codePostal,dateNaissance) VALUES (41,'Roman','risus,','odio.','Stephen','08 30 10 76 91','Cantley','Ap #935-3969 Vitae, Road',50,'7016','03/09/64');
INSERT INTO Clients (idClient,nom,userName,mdp,prenom,telephone,ville,rue,numRue,codePostal,dateNaissance) VALUES (42,'Ball','vel','vitae,','Lee','04 97 67 34 96','Bearberry','Ap #563-9143 Sed Avenue',87,'87120-315','05/12/03');
INSERT INTO Clients (idClient,nom,userName,mdp,prenom,telephone,ville,rue,numRue,codePostal,dateNaissance) VALUES (43,'Carter','lorem,','odio.','Basia','01 06 58 96 31','Chelmsford','986 Elit, Av.',121,'683809','10/04/83');
INSERT INTO Clients (idClient,nom,userName,mdp,prenom,telephone,ville,rue,numRue,codePostal,dateNaissance) VALUES (44,'Coleman','Vivamus','augue','Jarrod','06 13 58 95 09','Silvan','8369 Primis Ave',144,'H8X 3S2','31/07/40');
INSERT INTO Clients (idClient,nom,userName,mdp,prenom,telephone,ville,rue,numRue,codePostal,dateNaissance) VALUES (45,'Conway','commodo','diam','Keith','06 72 27 67 66','Gattatico','P.O. Box 414, 8050 Pellentesque St.',35,'226784','01/03/76');
INSERT INTO Clients (idClient,nom,userName,mdp,prenom,telephone,ville,rue,numRue,codePostal,dateNaissance) VALUES (46,'Burgess','libero','sit','Zelenia','04 60 99 62 89','Calmar','741-7765 Gravida Av.',125,'91525','10/02/08');
INSERT INTO Clients (idClient,nom,userName,mdp,prenom,telephone,ville,rue,numRue,codePostal,dateNaissance) VALUES (47,'Buckley','non','eleifend.','Gwendolyn','09 72 81 13 19','Nerem','P.O. Box 761, 245 Tellus. Road',105,'89947','01/05/79');
INSERT INTO Clients (idClient,nom,userName,mdp,prenom,telephone,ville,rue,numRue,codePostal,dateNaissance) VALUES (48,'Mays','vitae','vulputate,','Amery','04 91 16 79 60','Frutillar','P.O. Box 307, 9946 Aliquam, Avenue',147,'3193','31/07/56');
INSERT INTO Clients (idClient,nom,userName,mdp,prenom,telephone,ville,rue,numRue,codePostal,dateNaissance) VALUES (49,'Blair','eu','facilisis','Lacey','07 81 34 54 60','Pangnirtung','8997 Eu St.',37,'5862','06/02/77');
INSERT INTO Clients (idClient,nom,userName,mdp,prenom,telephone,ville,rue,numRue,codePostal,dateNaissance) VALUES (50,'Randolph','ante','ac','Tatiana','07 46 01 80 14','Schwäbisch Gmünd','5370 Lectus, Avenue',44,'16-250','29/08/20');
INSERT INTO Clients (idClient,nom,userName,mdp,prenom,telephone,ville,rue,numRue,codePostal,dateNaissance) VALUES (51,'Moran','luctus','in','Alexander','07 34 22 54 72','Fallo','P.O. Box 670, 7235 Ante Avenue',147,'18954','13/08/45');
INSERT INTO Clients (idClient,nom,userName,mdp,prenom,telephone,ville,rue,numRue,codePostal,dateNaissance) VALUES (52,'Delacruz','non','ultrices','Cole','06 30 51 36 42','Indianapolis','221-8196 Nulla Road',47,'24008-389','30/05/77');
INSERT INTO Clients (idClient,nom,userName,mdp,prenom,telephone,ville,rue,numRue,codePostal,dateNaissance) VALUES (53,'Britt','sem','mi,','Caldwell','02 03 58 55 93','Sherbrooke','815-9395 Metus Rd.',93,'5855','23/04/77');
INSERT INTO Clients (idClient,nom,userName,mdp,prenom,telephone,ville,rue,numRue,codePostal,dateNaissance) VALUES (54,'Wood','ipsum','dictum','Claudia','03 82 79 40 68','Namur','P.O. Box 279, 9513 Tristique St.',52,'42587','02/01/08');
INSERT INTO Clients (idClient,nom,userName,mdp,prenom,telephone,ville,rue,numRue,codePostal,dateNaissance) VALUES (55,'Charles','et','Pellentesque','Irma','05 09 45 20 14','Saint-Pierre','P.O. Box 399, 887 Morbi St.',138,'71754','30/03/53');
INSERT INTO Clients (idClient,nom,userName,mdp,prenom,telephone,ville,rue,numRue,codePostal,dateNaissance) VALUES (56,'Harmon','semper','aliquet,','Mannix','01 05 52 74 39','Wierde','P.O. Box 942, 7357 Ipsum Ave',14,'7768 MM','19/06/10');
INSERT INTO Clients (idClient,nom,userName,mdp,prenom,telephone,ville,rue,numRue,codePostal,dateNaissance) VALUES (57,'Finley','sociosqu','iaculis','Tana','05 28 20 92 76','Orilla','Ap #431-2062 Vehicula. Rd.',146,'4585','25/07/20');
INSERT INTO Clients (idClient,nom,userName,mdp,prenom,telephone,ville,rue,numRue,codePostal,dateNaissance) VALUES (58,'Durham','dui.','dolor.','Alma','04 41 28 73 37','Sittard','Ap #167-665 Mattis Road',13,'29782','13/04/41');
INSERT INTO Clients (idClient,nom,userName,mdp,prenom,telephone,ville,rue,numRue,codePostal,dateNaissance) VALUES (59,'Frazier','nunc','non,','Ramona','02 40 60 36 45','Wichita','P.O. Box 450, 855 Risus. St.',136,'50601','12/01/86');
INSERT INTO Clients (idClient,nom,userName,mdp,prenom,telephone,ville,rue,numRue,codePostal,dateNaissance) VALUES (60,'Stokes','vestibulum.','ornare,','Sebastian','09 82 15 11 69','Buckie','9319 Vitae, Ave',23,'01926','06/08/02');
INSERT INTO Clients (idClient,nom,userName,mdp,prenom,telephone,ville,rue,numRue,codePostal,dateNaissance) VALUES (61,'Wilkinson','justo','fringilla.','Declan','03 00 92 76 78','Bevagna','119 Dolor Rd.',132,'M7P 3T8','30/01/49');
INSERT INTO Clients (idClient,nom,userName,mdp,prenom,telephone,ville,rue,numRue,codePostal,dateNaissance) VALUES (62,'Wilder','fermentum','Proin','Kasper','04 54 97 86 39','Bursa','Ap #409-3611 Gravida Ave',9,'010585','27/07/95');
INSERT INTO Clients (idClient,nom,userName,mdp,prenom,telephone,ville,rue,numRue,codePostal,dateNaissance) VALUES (63,'Travis','eu,','turpis.','Kaitlin','07 95 99 57 88','Gembloux','Ap #409-3392 Arcu. Ave',2,'88688','15/12/58');
INSERT INTO Clients (idClient,nom,userName,mdp,prenom,telephone,ville,rue,numRue,codePostal,dateNaissance) VALUES (64,'Harvey','porttitor','Proin','Sawyer','07 63 70 41 14','Camaçari','1561 Tempus Av.',40,'299878','06/09/59');
INSERT INTO Clients (idClient,nom,userName,mdp,prenom,telephone,ville,rue,numRue,codePostal,dateNaissance) VALUES (65,'Berg','augue','Nam','Avram','07 80 54 19 84','Forchies-la-Marche','865-4707 Suspendisse Street',73,'057508','21/12/06');
INSERT INTO Clients (idClient,nom,userName,mdp,prenom,telephone,ville,rue,numRue,codePostal,dateNaissance) VALUES (66,'Velasquez','Phasellus','Sed','Xerxes','09 44 04 03 85','Starachowice','Ap #841-3185 Aliquam Ave',42,'L2C 3N2','24/01/29');
INSERT INTO Clients (idClient,nom,userName,mdp,prenom,telephone,ville,rue,numRue,codePostal,dateNaissance) VALUES (67,'Meadows','cursus','libero','Xanthus','01 39 34 39 33','Serampore','697-1555 Magna Ave',7,'5356','18/04/68');
INSERT INTO Clients (idClient,nom,userName,mdp,prenom,telephone,ville,rue,numRue,codePostal,dateNaissance) VALUES (68,'Kidd','turpis.','elit.','Scott','05 12 56 63 41','Milwaukee','1933 Aenean Street',96,'18340','20/09/37');
INSERT INTO Clients (idClient,nom,userName,mdp,prenom,telephone,ville,rue,numRue,codePostal,dateNaissance) VALUES (69,'Flynn','nec','natoque','Melodie','07 88 35 08 71','Aieta','Ap #337-8072 Risus. Road',135,'35-498','08/09/59');
INSERT INTO Clients (idClient,nom,userName,mdp,prenom,telephone,ville,rue,numRue,codePostal,dateNaissance) VALUES (70,'Kirk','magna','sit','Stacey','01 78 38 00 97','Waitara','5558 Sollicitudin Street',134,'7831 ZU','09/10/33');
INSERT INTO Clients (idClient,nom,userName,mdp,prenom,telephone,ville,rue,numRue,codePostal,dateNaissance) VALUES (71,'Dean','Vestibulum','cubilia','Callie','03 68 00 35 80','Püttlingen','P.O. Box 206, 1635 Diam Av.',31,'551815','27/08/79');
INSERT INTO Clients (idClient,nom,userName,mdp,prenom,telephone,ville,rue,numRue,codePostal,dateNaissance) VALUES (72,'Hatfield','Sed','Vivamus','Ayanna','06 20 84 50 59','Coaldale','262-380 Etiam St.',39,'76880','01/01/21');
INSERT INTO Clients (idClient,nom,userName,mdp,prenom,telephone,ville,rue,numRue,codePostal,dateNaissance) VALUES (73,'Henry','malesuada','elit','Rinah','04 05 62 20 62','Springfield','P.O. Box 278, 5382 Auctor, St.',103,'9868','08/01/09');
INSERT INTO Clients (idClient,nom,userName,mdp,prenom,telephone,ville,rue,numRue,codePostal,dateNaissance) VALUES (74,'Austin','fermentum','id','Indira','01 47 30 06 59','Kalisz','639-7801 Ac Rd.',15,'61601','14/11/92');
INSERT INTO Clients (idClient,nom,userName,mdp,prenom,telephone,ville,rue,numRue,codePostal,dateNaissance) VALUES (75,'Alford','neque','Duis','Ulla','07 28 87 00 87','Farrukhabad-cum-Fatehgarh','9852 Cum Ave',119,'R5 5GP','12/09/97');
INSERT INTO Clients (idClient,nom,userName,mdp,prenom,telephone,ville,rue,numRue,codePostal,dateNaissance) VALUES (76,'Garrett','odio.','turpis','George','04 20 79 70 92','Arsimont','8798 Massa. Road',35,'59548','17/11/34');
INSERT INTO Clients (idClient,nom,userName,mdp,prenom,telephone,ville,rue,numRue,codePostal,dateNaissance) VALUES (77,'Taylor','non','a','Pamela','02 31 70 71 57','High Wycombe','P.O. Box 278, 6412 Morbi St.',66,'52988-286','21/12/52');
INSERT INTO Clients (idClient,nom,userName,mdp,prenom,telephone,ville,rue,numRue,codePostal,dateNaissance) VALUES (78,'Vaughn','Donec','purus','Casey','04 70 05 50 79','Portsmouth','Ap #117-7659 Mattis St.',136,'3211','29/08/53');
INSERT INTO Clients (idClient,nom,userName,mdp,prenom,telephone,ville,rue,numRue,codePostal,dateNaissance) VALUES (79,'Booth','molestie','pharetra.','Ross','02 19 41 98 27','Priolo Gargallo','8919 Tincidunt Rd.',9,'59814','01/10/23');
INSERT INTO Clients (idClient,nom,userName,mdp,prenom,telephone,ville,rue,numRue,codePostal,dateNaissance) VALUES (80,'Massey','molestie','pede','Elvis','06 10 22 27 34','Heusden','142-2960 Ultrices Ave',1,'31020','18/09/51');
INSERT INTO Clients (idClient,nom,userName,mdp,prenom,telephone,ville,rue,numRue,codePostal,dateNaissance) VALUES (81,'Lester','eu','molestie.','Whilemina','04 36 72 01 98','Penrith','P.O. Box 248, 6194 Risus. Street',64,'77850','31/05/45');
INSERT INTO Clients (idClient,nom,userName,mdp,prenom,telephone,ville,rue,numRue,codePostal,dateNaissance) VALUES (82,'Townsend','non,','Nam','TaShya','02 95 40 22 35','Bonnert','298-2391 Arcu Rd.',30,'4244','04/12/02');
INSERT INTO Clients (idClient,nom,userName,mdp,prenom,telephone,ville,rue,numRue,codePostal,dateNaissance) VALUES (83,'Hanson','Donec','ac','Linus','05 13 20 48 39','Hamilton','P.O. Box 897, 7754 Ipsum. Rd.',45,'61532','01/06/76');
INSERT INTO Clients (idClient,nom,userName,mdp,prenom,telephone,ville,rue,numRue,codePostal,dateNaissance) VALUES (84,'Richmond','in','enim','Ariel','02 38 19 21 50','Amroha','175-7885 Tristique Ave',145,'98-127','04/10/73');
INSERT INTO Clients (idClient,nom,userName,mdp,prenom,telephone,ville,rue,numRue,codePostal,dateNaissance) VALUES (85,'Hess','id,','Etiam','Roanna','05 50 20 00 46','Houdemont','P.O. Box 778, 8706 Malesuada Av.',104,'2267','21/05/90');
INSERT INTO Clients (idClient,nom,userName,mdp,prenom,telephone,ville,rue,numRue,codePostal,dateNaissance) VALUES (86,'French','risus.','bibendum','Ray','05 69 06 44 87','Nakusp','728-1644 Amet, Rd.',20,'35847','14/04/61');
INSERT INTO Clients (idClient,nom,userName,mdp,prenom,telephone,ville,rue,numRue,codePostal,dateNaissance) VALUES (87,'Owens','ligula.','eu','Keelie','09 82 43 68 56','Heikruis','P.O. Box 410, 3175 Duis Av.',67,'78232','23/02/61');
INSERT INTO Clients (idClient,nom,userName,mdp,prenom,telephone,ville,rue,numRue,codePostal,dateNaissance) VALUES (88,'Andrews','libero','sodales.','Aiko','09 65 64 47 06','Lafayette','Ap #788-8375 Proin Ave',7,'18058','15/04/38');
INSERT INTO Clients (idClient,nom,userName,mdp,prenom,telephone,ville,rue,numRue,codePostal,dateNaissance) VALUES (89,'Grant','Vivamus','imperdiet','Charity','03 86 19 31 92','Nimy','4318 Diam. Rd.',31,'59906','08/07/84');
INSERT INTO Clients (idClient,nom,userName,mdp,prenom,telephone,ville,rue,numRue,codePostal,dateNaissance) VALUES (90,'Jennings','feugiat','felis','Chanda','06 15 54 11 83','Marseille','3296 Est. Ave',135,'05178','28/01/39');
INSERT INTO Clients (idClient,nom,userName,mdp,prenom,telephone,ville,rue,numRue,codePostal,dateNaissance) VALUES (91,'Bridges','ipsum','faucibus.','Cole','02 68 78 14 37','Wodonga','P.O. Box 339, 7700 Convallis Avenue',11,'4325','08/06/54');
INSERT INTO Clients (idClient,nom,userName,mdp,prenom,telephone,ville,rue,numRue,codePostal,dateNaissance) VALUES (92,'Blanchard','risus,','mauris.','Joy','07 43 69 37 84','Maser','7849 Ipsum. Av.',12,'557829','25/10/99');
INSERT INTO Clients (idClient,nom,userName,mdp,prenom,telephone,ville,rue,numRue,codePostal,dateNaissance) VALUES (93,'Griffin','Suspendisse','nisi.','Kieran','01 28 18 99 52','Heilbronn','Ap #117-2271 Orci Rd.',141,'4911','01/05/94');
INSERT INTO Clients (idClient,nom,userName,mdp,prenom,telephone,ville,rue,numRue,codePostal,dateNaissance) VALUES (94,'Horton','Ut','interdum','Inez','09 20 69 15 62','Pietraroja','P.O. Box 324, 6540 Lacus. Av.',98,'84598-617','19/09/49');
INSERT INTO Clients (idClient,nom,userName,mdp,prenom,telephone,ville,rue,numRue,codePostal,dateNaissance) VALUES (95,'Butler','et','hendrerit.','Chloe','07 04 80 69 90','San Cristóbal de la Laguna','P.O. Box 805, 8319 Iaculis Road',77,'5602','23/06/80');
INSERT INTO Clients (idClient,nom,userName,mdp,prenom,telephone,ville,rue,numRue,codePostal,dateNaissance) VALUES (96,'Herman','ullamcorper.','mollis.','Gannon','07 33 34 68 88','Sogliano Cavour','335-3555 Eu, St.',138,'327637','23/03/44');
INSERT INTO Clients (idClient,nom,userName,mdp,prenom,telephone,ville,rue,numRue,codePostal,dateNaissance) VALUES (97,'Logan','lectus','penatibus','Stacy','02 08 96 58 40','Tourinnes-Saint-Lambert','473-9653 Libero. Ave',137,'17191','28/05/74');
INSERT INTO Clients (idClient,nom,userName,mdp,prenom,telephone,ville,rue,numRue,codePostal,dateNaissance) VALUES (98,'Henson','nascetur','gravida','Amir','06 59 31 31 61','Paine','5266 Sed Road',1,'70001','26/08/65');
INSERT INTO Clients (idClient,nom,userName,mdp,prenom,telephone,ville,rue,numRue,codePostal,dateNaissance) VALUES (99,'Gilmore','sollicitudin','eu,','Edward','05 90 84 24 84','Maple Ridge','Ap #276-2998 Cras Av.',40,'54318','08/12/56');
INSERT INTO Clients (idClient,nom,userName,mdp,prenom,telephone,ville,rue,numRue,codePostal,dateNaissance) VALUES (100,'Sharp','Donec','nec','Chancellor','08 93 79 79 78','Rattray','9922 Eu, Street',135,'893922','27/01/28');


-----------------------------
-- Table accompagnateurs
-----------------------------

INSERT INTO Accompagnateurs (idAccompagnateur,nom,prenom,telephone,numRue,rue,ville,codePostal) VALUES (1,'Pacheco','Brooke','03 71 92 76 47',59,'Ap #122-3238 Augue. Ave','Ceppaloni','60912');
INSERT INTO Accompagnateurs (idAccompagnateur,nom,prenom,telephone,numRue,rue,ville,codePostal) VALUES (2,'Bond','Illiana','09 26 75 99 40',8,'P.O. Box 230, 1390 Non, St.','Preore','3190');
INSERT INTO Accompagnateurs (idAccompagnateur,nom,prenom,telephone,numRue,rue,ville,codePostal) VALUES (3,'Slater','Claudia','08 90 82 41 67',100,'Ap #447-8662 Donec St.','Vaux-sous-ChŽvremont','54255-381');
INSERT INTO Accompagnateurs (idAccompagnateur,nom,prenom,telephone,numRue,rue,ville,codePostal) VALUES (4,'Sweeney','Tashya','01 93 10 98 75',70,'656-2448 Magna. Ave','Castel Baronia','6101');
INSERT INTO Accompagnateurs (idAccompagnateur,nom,prenom,telephone,numRue,rue,ville,codePostal) VALUES (5,'Valenzuela','Aladdin','06 07 43 00 57',101,'8161 Sed Street','Innsbruck','64-288');
INSERT INTO Accompagnateurs (idAccompagnateur,nom,prenom,telephone,numRue,rue,ville,codePostal) VALUES (6,'Hawkins','Breanna','04 99 11 54 23',29,'P.O. Box 948, 8892 Molestie Road','Terrance','356994');
INSERT INTO Accompagnateurs (idAccompagnateur,nom,prenom,telephone,numRue,rue,ville,codePostal) VALUES (7,'Luna','Zelda','03 97 66 54 30',11,'5159 Pede Avenue','Pratovecchio','83559');
INSERT INTO Accompagnateurs (idAccompagnateur,nom,prenom,telephone,numRue,rue,ville,codePostal) VALUES (8,'Mays','Madison','06 19 25 31 19',23,'Ap #676-2085 Non Avenue','Heredia','31909');
INSERT INTO Accompagnateurs (idAccompagnateur,nom,prenom,telephone,numRue,rue,ville,codePostal) VALUES (9,'Sloan','Buckminster','05 15 07 58 96',126,'Ap #860-8358 Imperdiet Ave','Papasidero','38361');
INSERT INTO Accompagnateurs (idAccompagnateur,nom,prenom,telephone,numRue,rue,ville,codePostal) VALUES (10,'Vazquez','Austin','09 56 85 38 14',116,'Ap #651-5982 Etiam Ave','Diepenbeek','08344');
INSERT INTO Accompagnateurs (idAccompagnateur,nom,prenom,telephone,numRue,rue,ville,codePostal) VALUES (11,'Ross','Pamela','01 59 38 19 67',64,'6148 Curae; Av.','Zittau','45-291');
INSERT INTO Accompagnateurs (idAccompagnateur,nom,prenom,telephone,numRue,rue,ville,codePostal) VALUES (12,'Mcgee','Emery','07 70 66 76 34',139,'765-8746 Interdum Rd.','Bedollo','7937');
INSERT INTO Accompagnateurs (idAccompagnateur,nom,prenom,telephone,numRue,rue,ville,codePostal) VALUES (13,'Fitzgerald','Reagan','01 77 80 98 67',82,'P.O. Box 995, 4392 Ipsum Rd.','Cumbernauld','28351');
INSERT INTO Accompagnateurs (idAccompagnateur,nom,prenom,telephone,numRue,rue,ville,codePostal) VALUES (14,'Donovan','Holmes','08 85 07 95 06',87,'449-754 Eu Rd.','Nanaimo','633473');
INSERT INTO Accompagnateurs (idAccompagnateur,nom,prenom,telephone,numRue,rue,ville,codePostal) VALUES (15,'Schroeder','Kylan','07 82 64 57 01',23,'Ap #556-1412 Quis St.','Valfabbrica','49-073');
INSERT INTO Accompagnateurs (idAccompagnateur,nom,prenom,telephone,numRue,rue,ville,codePostal) VALUES (16,'Curtis','Zeph','06 12 88 91 45',75,'P.O. Box 185, 6725 Sem Avenue','Cantley','4374 TN');
INSERT INTO Accompagnateurs (idAccompagnateur,nom,prenom,telephone,numRue,rue,ville,codePostal) VALUES (17,'Chen','Colt','07 73 39 77 61',14,'2609 Sem Av.','Manfredonia','93144');
INSERT INTO Accompagnateurs (idAccompagnateur,nom,prenom,telephone,numRue,rue,ville,codePostal) VALUES (18,'Joyce','Magee','02 38 08 81 39',119,'Ap #595-1855 Suspendisse Av.','Cap-de-la-Madeleine','330110');
INSERT INTO Accompagnateurs (idAccompagnateur,nom,prenom,telephone,numRue,rue,ville,codePostal) VALUES (19,'Torres','Nehru','04 33 79 31 06',71,'P.O. Box 329, 9408 Consequat Ave','Gonars','2885 FW');
INSERT INTO Accompagnateurs (idAccompagnateur,nom,prenom,telephone,numRue,rue,ville,codePostal) VALUES (20,'Hamilton','Rae','09 47 20 81 79',134,'5908 Bibendum. Avenue','Rueglio','940909');
INSERT INTO Accompagnateurs (idAccompagnateur,nom,prenom,telephone,numRue,rue,ville,codePostal) VALUES (21,'Todd','Rylee','01 33 11 62 42',36,'551-7618 Iaculis Street','Douai','866696');
INSERT INTO Accompagnateurs (idAccompagnateur,nom,prenom,telephone,numRue,rue,ville,codePostal) VALUES (22,'Buchanan','Phillip','07 42 93 48 58',150,'8785 A St.','Villingen-Schwennin','71216');
INSERT INTO Accompagnateurs (idAccompagnateur,nom,prenom,telephone,numRue,rue,ville,codePostal) VALUES (23,'Larson','Lacey','08 18 63 66 80',101,'Ap #450-3980 At St.','Moffat','21606');
INSERT INTO Accompagnateurs (idAccompagnateur,nom,prenom,telephone,numRue,rue,ville,codePostal) VALUES (24,'Beach','Emery','08 30 77 23 05',1,'Ap #995-471 Aliquam St.','Segovia','42-994');
INSERT INTO Accompagnateurs (idAccompagnateur,nom,prenom,telephone,numRue,rue,ville,codePostal) VALUES (25,'Walter','Athena','08 38 39 72 62',113,'815-3291 Primis Avenue','Erembodegem','A9I 4YQ');
INSERT INTO Accompagnateurs (idAccompagnateur,nom,prenom,telephone,numRue,rue,ville,codePostal) VALUES (26,'Rivas','Brett','04 54 36 03 46',73,'Ap #861-6870 Euismod Road','Liberia','91042');
INSERT INTO Accompagnateurs (idAccompagnateur,nom,prenom,telephone,numRue,rue,ville,codePostal) VALUES (27,'Strickland','Sharon','06 31 90 90 72',120,'P.O. Box 823, 7740 Duis Road','Coldstream','20910');


------------------------------
-- Table Circuit
------------------------------


INSERT INTO Circuits (idCircuit,nom,places,prix,dateDepart,dateFin,open,idAccompagnateur) VALUES (1,'at, iaculis',57,748,'15/07/17','19/06/17',1,21);
INSERT INTO Circuits (idCircuit,nom,places,prix,dateDepart,dateFin,open,idAccompagnateur) VALUES (2,'vestibulum nec,',36,296,'28/05/17','28/08/18',1,17);
INSERT INTO Circuits (idCircuit,nom,places,prix,dateDepart,dateFin,open,idAccompagnateur) VALUES (3,'auctor. Mauris',67,317,'13/03/19','09/05/18',1,24);
INSERT INTO Circuits (idCircuit,nom,places,prix,dateDepart,dateFin,open,idAccompagnateur) VALUES (4,'non enim.',86,814,'14/03/18','10/04/17',1,14);
INSERT INTO Circuits (idCircuit,nom,places,prix,dateDepart,dateFin,open,idAccompagnateur) VALUES (5,'gravida non,',81,373,'16/01/18','30/09/17',1,14);
INSERT INTO Circuits (idCircuit,nom,places,prix,dateDepart,dateFin,open,idAccompagnateur) VALUES (6,'pede. Praesent',73,637,'08/09/18','05/04/18',1,9);
INSERT INTO Circuits (idCircuit,nom,places,prix,dateDepart,dateFin,open,idAccompagnateur) VALUES (7,'lobortis tellus',43,933,'05/12/18','25/01/18',0,25);
INSERT INTO Circuits (idCircuit,nom,places,prix,dateDepart,dateFin,open,idAccompagnateur) VALUES (8,'magna a',85,640,'25/01/18','24/04/18',1,18);
INSERT INTO Circuits (idCircuit,nom,places,prix,dateDepart,dateFin,open,idAccompagnateur) VALUES (9,'Mauris vel',32,385,'03/02/18','12/05/18',0,22);
INSERT INTO Circuits (idCircuit,nom,places,prix,dateDepart,dateFin,open,idAccompagnateur) VALUES (10,'nonummy ac,',71,463,'27/05/18','26/08/17',0,13);
INSERT INTO Circuits (idCircuit,nom,places,prix,dateDepart,dateFin,open,idAccompagnateur) VALUES (11,'a, scelerisque',68,254,'28/11/17','04/04/19',0,1);
INSERT INTO Circuits (idCircuit,nom,places,prix,dateDepart,dateFin,open,idAccompagnateur) VALUES (12,'lacus. Aliquam',55,115,'29/01/18','13/03/18',0,19);
INSERT INTO Circuits (idCircuit,nom,places,prix,dateDepart,dateFin,open,idAccompagnateur) VALUES (13,'et, rutrum',36,632,'14/04/17','24/04/18',1,7);
INSERT INTO Circuits (idCircuit,nom,places,prix,dateDepart,dateFin,open,idAccompagnateur) VALUES (14,'mus. Proin',78,996,'03/10/17','02/09/17',0,12);
INSERT INTO Circuits (idCircuit,nom,places,prix,dateDepart,dateFin,open,idAccompagnateur) VALUES (15,'nec tempus',64,484,'10/02/18','20/01/18',1,21);
INSERT INTO Circuits (idCircuit,nom,places,prix,dateDepart,dateFin,open,idAccompagnateur) VALUES (16,'pede, nonummy',52,694,'18/09/18','18/06/18',0,16);
INSERT INTO Circuits (idCircuit,nom,places,prix,dateDepart,dateFin,open,idAccompagnateur) VALUES (17,'at arcu.',38,980,'13/04/18','09/05/18',1,18);
INSERT INTO Circuits (idCircuit,nom,places,prix,dateDepart,dateFin,open,idAccompagnateur) VALUES (18,'amet diam',79,707,'01/09/18','06/09/18',0,26);
INSERT INTO Circuits (idCircuit,nom,places,prix,dateDepart,dateFin,open,idAccompagnateur) VALUES (19,'ut quam',80,348,'05/12/18','10/07/18',0,25);
INSERT INTO Circuits (idCircuit,nom,places,prix,dateDepart,dateFin,open,idAccompagnateur) VALUES (20,'a, scelerisque',59,452,'13/07/17','20/08/17',0,12);
INSERT INTO Circuits (idCircuit,nom,places,prix,dateDepart,dateFin,open,idAccompagnateur) VALUES (21,'vel pede',84,764,'17/02/19','24/11/18',0,15);
INSERT INTO Circuits (idCircuit,nom,places,prix,dateDepart,dateFin,open,idAccompagnateur) VALUES (22,'ipsum non',77,507,'17/01/18','02/03/19',1,17);
INSERT INTO Circuits (idCircuit,nom,places,prix,dateDepart,dateFin,open,idAccompagnateur) VALUES (23,'tellus lorem',33,684,'04/12/17','19/02/18',0,26);
INSERT INTO Circuits (idCircuit,nom,places,prix,dateDepart,dateFin,open,idAccompagnateur) VALUES (24,'consectetuer adipiscing',79,219,'08/04/17','21/03/18',0,25);
INSERT INTO Circuits (idCircuit,nom,places,prix,dateDepart,dateFin,open,idAccompagnateur) VALUES (25,'Duis dignissim',57,615,'05/01/19','26/05/17',0,26);
INSERT INTO Circuits (idCircuit,nom,places,prix,dateDepart,dateFin,open,idAccompagnateur) VALUES (26,'Nunc mauris',88,598,'21/01/19','01/09/18',1,3);
INSERT INTO Circuits (idCircuit,nom,places,prix,dateDepart,dateFin,open,idAccompagnateur) VALUES (27,'lectus pede',40,625,'21/07/17','07/10/18',1,6);
INSERT INTO Circuits (idCircuit,nom,places,prix,dateDepart,dateFin,open,idAccompagnateur) VALUES (28,'sit amet,',35,261,'10/10/17','03/03/19',0,25);
INSERT INTO Circuits (idCircuit,nom,places,prix,dateDepart,dateFin,open,idAccompagnateur) VALUES (29,'hendrerit. Donec',42,266,'11/12/17','14/01/18',0,19);
INSERT INTO Circuits (idCircuit,nom,places,prix,dateDepart,dateFin,open,idAccompagnateur) VALUES (30,'ante bibendum',36,484,'24/03/19','14/04/18',1,12);
INSERT INTO Circuits (idCircuit,nom,places,prix,dateDepart,dateFin,open,idAccompagnateur) VALUES (31,'enim nec',73,426,'26/02/18','25/04/17',0,15);
INSERT INTO Circuits (idCircuit,nom,places,prix,dateDepart,dateFin,open,idAccompagnateur) VALUES (32,'sagittis placerat.',45,638,'28/04/18','10/01/18',1,11);
INSERT INTO Circuits (idCircuit,nom,places,prix,dateDepart,dateFin,open,idAccompagnateur) VALUES (33,'lobortis risus.',87,705,'10/03/18','27/02/19',1,4);
INSERT INTO Circuits (idCircuit,nom,places,prix,dateDepart,dateFin,open,idAccompagnateur) VALUES (34,'et risus.',70,621,'09/05/17','27/07/18',0,20);
INSERT INTO Circuits (idCircuit,nom,places,prix,dateDepart,dateFin,open,idAccompagnateur) VALUES (35,'tempus non,',52,616,'01/09/17','08/08/17',0,21);
INSERT INTO Circuits (idCircuit,nom,places,prix,dateDepart,dateFin,open,idAccompagnateur) VALUES (36,'est, congue',59,669,'05/10/18','13/06/18',1,18);
INSERT INTO Circuits (idCircuit,nom,places,prix,dateDepart,dateFin,open,idAccompagnateur) VALUES (37,'porttitor vulputate,',57,793,'20/05/18','21/03/18',1,21);
INSERT INTO Circuits (idCircuit,nom,places,prix,dateDepart,dateFin,open,idAccompagnateur) VALUES (38,'sed, facilisis',61,281,'30/07/18','24/05/17',0,8);
INSERT INTO Circuits (idCircuit,nom,places,prix,dateDepart,dateFin,open,idAccompagnateur) VALUES (39,'dui lectus',64,869,'19/04/17','21/08/18',1,20);
INSERT INTO Circuits (idCircuit,nom,places,prix,dateDepart,dateFin,open,idAccompagnateur) VALUES (40,'libero. Morbi',50,515,'13/09/18','14/11/17',1,7);
INSERT INTO Circuits (idCircuit,nom,places,prix,dateDepart,dateFin,open,idAccompagnateur) VALUES (41,'molestie. Sed',35,770,'26/04/17','17/05/18',0,22);
INSERT INTO Circuits (idCircuit,nom,places,prix,dateDepart,dateFin,open,idAccompagnateur) VALUES (42,'nostra, per',87,298,'30/05/17','02/06/18',1,20);
INSERT INTO Circuits (idCircuit,nom,places,prix,dateDepart,dateFin,open,idAccompagnateur) VALUES (43,'pede nec',51,607,'09/12/17','29/10/17',0,13);
INSERT INTO Circuits (idCircuit,nom,places,prix,dateDepart,dateFin,open,idAccompagnateur) VALUES (44,'Curae; Donec',83,367,'23/01/19','06/09/18',0,23);
INSERT INTO Circuits (idCircuit,nom,places,prix,dateDepart,dateFin,open,idAccompagnateur) VALUES (45,'risus a',55,705,'19/05/17','05/03/19',0,14);
INSERT INTO Circuits (idCircuit,nom,places,prix,dateDepart,dateFin,open,idAccompagnateur) VALUES (46,'erat neque',49,336,'08/09/18','21/11/17',1,20);
INSERT INTO Circuits (idCircuit,nom,places,prix,dateDepart,dateFin,open,idAccompagnateur) VALUES (47,'vel, faucibus',86,315,'01/05/17','27/04/18',0,19);
INSERT INTO Circuits (idCircuit,nom,places,prix,dateDepart,dateFin,open,idAccompagnateur) VALUES (48,'nunc, ullamcorper',63,513,'04/12/17','20/12/18',1,24);
INSERT INTO Circuits (idCircuit,nom,places,prix,dateDepart,dateFin,open,idAccompagnateur) VALUES (49,'sapien imperdiet',31,439,'05/08/18','11/09/18',0,2);
INSERT INTO Circuits (idCircuit,nom,places,prix,dateDepart,dateFin,open,idAccompagnateur) VALUES (50,'sem semper',35,395,'25/02/19','27/08/17',0,12);
INSERT INTO Circuits (idCircuit,nom,places,prix,dateDepart,dateFin,open,idAccompagnateur) VALUES (51,'eu tellus',73,108,'30/08/18','09/08/17',0,8);


---------------------------------------
-- Table Reservation
---------------------------------------

INSERT INTO Reservations (idReservation,acompteVerse,secondPaiement,dateLimitePaiement,dateReservation,annulation,acompteMontant,secondPaiementMontant,idClient,idCircuit) VALUES (1,0,1,'06/04/17','19/01/19',0,86,874,7,26);
INSERT INTO Reservations (idReservation,acompteVerse,secondPaiement,dateLimitePaiement,dateReservation,annulation,acompteMontant,secondPaiementMontant,idClient,idCircuit) VALUES (2,0,1,'09/04/17','06/04/18',1,20,438,31,28);
INSERT INTO Reservations (idReservation,acompteVerse,secondPaiement,dateLimitePaiement,dateReservation,annulation,acompteMontant,secondPaiementMontant,idClient,idCircuit) VALUES (3,1,0,'17/04/17','11/09/18',0,13,894,95,32);
INSERT INTO Reservations (idReservation,acompteVerse,secondPaiement,dateLimitePaiement,dateReservation,annulation,acompteMontant,secondPaiementMontant,idClient,idCircuit) VALUES (4,1,1,'09/04/17','22/02/19',1,76,596,59,5);
INSERT INTO Reservations (idReservation,acompteVerse,secondPaiement,dateLimitePaiement,dateReservation,annulation,acompteMontant,secondPaiementMontant,idClient,idCircuit) VALUES (5,0,1,'12/04/17','23/06/17',1,61,989,37,50);
INSERT INTO Reservations (idReservation,acompteVerse,secondPaiement,dateLimitePaiement,dateReservation,annulation,acompteMontant,secondPaiementMontant,idClient,idCircuit) VALUES (6,0,1,'20/04/17','29/03/18',0,17,62,11,32);
INSERT INTO Reservations (idReservation,acompteVerse,secondPaiement,dateLimitePaiement,dateReservation,annulation,acompteMontant,secondPaiementMontant,idClient,idCircuit) VALUES (7,1,1,'11/04/17','07/10/18',1,18,955,18,18);
INSERT INTO Reservations (idReservation,acompteVerse,secondPaiement,dateLimitePaiement,dateReservation,annulation,acompteMontant,secondPaiementMontant,idClient,idCircuit) VALUES (8,0,0,'19/04/17','13/10/18',1,24,385,51,8);
INSERT INTO Reservations (idReservation,acompteVerse,secondPaiement,dateLimitePaiement,dateReservation,annulation,acompteMontant,secondPaiementMontant,idClient,idCircuit) VALUES (9,0,1,'15/04/17','10/02/19',0,95,660,76,44);
INSERT INTO Reservations (idReservation,acompteVerse,secondPaiement,dateLimitePaiement,dateReservation,annulation,acompteMontant,secondPaiementMontant,idClient,idCircuit) VALUES (10,1,0,'04/04/17','14/06/17',0,23,682,18,8);
INSERT INTO Reservations (idReservation,acompteVerse,secondPaiement,dateLimitePaiement,dateReservation,annulation,acompteMontant,secondPaiementMontant,idClient,idCircuit) VALUES (11,0,1,'22/04/17','18/01/18',0,64,849,37,27);
INSERT INTO Reservations (idReservation,acompteVerse,secondPaiement,dateLimitePaiement,dateReservation,annulation,acompteMontant,secondPaiementMontant,idClient,idCircuit) VALUES (12,1,1,'10/04/17','06/03/18',1,92,558,49,39);
INSERT INTO Reservations (idReservation,acompteVerse,secondPaiement,dateLimitePaiement,dateReservation,annulation,acompteMontant,secondPaiementMontant,idClient,idCircuit) VALUES (13,1,0,'12/04/17','09/04/18',0,71,397,1,43);
INSERT INTO Reservations (idReservation,acompteVerse,secondPaiement,dateLimitePaiement,dateReservation,annulation,acompteMontant,secondPaiementMontant,idClient,idCircuit) VALUES (14,1,0,'24/04/17','04/09/18',1,60,963,46,35);
INSERT INTO Reservations (idReservation,acompteVerse,secondPaiement,dateLimitePaiement,dateReservation,annulation,acompteMontant,secondPaiementMontant,idClient,idCircuit) VALUES (15,1,1,'22/04/17','08/12/18',0,63,155,28,6);
INSERT INTO Reservations (idReservation,acompteVerse,secondPaiement,dateLimitePaiement,dateReservation,annulation,acompteMontant,secondPaiementMontant,idClient,idCircuit) VALUES (16,0,1,'28/04/17','30/07/18',0,62,565,65,9);
INSERT INTO Reservations (idReservation,acompteVerse,secondPaiement,dateLimitePaiement,dateReservation,annulation,acompteMontant,secondPaiementMontant,idClient,idCircuit) VALUES (17,1,1,'27/04/17','04/05/18',1,56,647,53,48);
INSERT INTO Reservations (idReservation,acompteVerse,secondPaiement,dateLimitePaiement,dateReservation,annulation,acompteMontant,secondPaiementMontant,idClient,idCircuit) VALUES (18,1,1,'14/04/17','24/04/17',0,94,538,99,39);
INSERT INTO Reservations (idReservation,acompteVerse,secondPaiement,dateLimitePaiement,dateReservation,annulation,acompteMontant,secondPaiementMontant,idClient,idCircuit) VALUES (19,0,1,'16/04/17','02/01/18',0,29,945,22,32);
INSERT INTO Reservations (idReservation,acompteVerse,secondPaiement,dateLimitePaiement,dateReservation,annulation,acompteMontant,secondPaiementMontant,idClient,idCircuit) VALUES (20,0,0,'27/04/17','13/11/17',0,60,305,65,33);
INSERT INTO Reservations (idReservation,acompteVerse,secondPaiement,dateLimitePaiement,dateReservation,annulation,acompteMontant,secondPaiementMontant,idClient,idCircuit) VALUES (21,0,1,'10/04/17','17/05/18',1,20,407,56,4);
INSERT INTO Reservations (idReservation,acompteVerse,secondPaiement,dateLimitePaiement,dateReservation,annulation,acompteMontant,secondPaiementMontant,idClient,idCircuit) VALUES (22,1,1,'11/04/17','07/05/18',0,4,105,13,40);
INSERT INTO Reservations (idReservation,acompteVerse,secondPaiement,dateLimitePaiement,dateReservation,annulation,acompteMontant,secondPaiementMontant,idClient,idCircuit) VALUES (23,0,1,'13/04/17','10/05/18',0,26,238,73,34);
INSERT INTO Reservations (idReservation,acompteVerse,secondPaiement,dateLimitePaiement,dateReservation,annulation,acompteMontant,secondPaiementMontant,idClient,idCircuit) VALUES (24,0,1,'16/04/17','09/07/17',0,27,493,76,35);
INSERT INTO Reservations (idReservation,acompteVerse,secondPaiement,dateLimitePaiement,dateReservation,annulation,acompteMontant,secondPaiementMontant,idClient,idCircuit) VALUES (25,0,1,'15/04/17','30/03/19',1,46,0,82,44);
INSERT INTO Reservations (idReservation,acompteVerse,secondPaiement,dateLimitePaiement,dateReservation,annulation,acompteMontant,secondPaiementMontant,idClient,idCircuit) VALUES (26,0,1,'07/04/17','20/10/18',0,78,451,56,43);
INSERT INTO Reservations (idReservation,acompteVerse,secondPaiement,dateLimitePaiement,dateReservation,annulation,acompteMontant,secondPaiementMontant,idClient,idCircuit) VALUES (27,1,0,'10/04/17','10/06/17',1,42,617,58,36);
INSERT INTO Reservations (idReservation,acompteVerse,secondPaiement,dateLimitePaiement,dateReservation,annulation,acompteMontant,secondPaiementMontant,idClient,idCircuit) VALUES (28,0,1,'08/04/17','14/11/17',1,83,11,65,11);
INSERT INTO Reservations (idReservation,acompteVerse,secondPaiement,dateLimitePaiement,dateReservation,annulation,acompteMontant,secondPaiementMontant,idClient,idCircuit) VALUES (29,0,1,'19/04/17','23/08/18',1,75,158,40,27);
INSERT INTO Reservations (idReservation,acompteVerse,secondPaiement,dateLimitePaiement,dateReservation,annulation,acompteMontant,secondPaiementMontant,idClient,idCircuit) VALUES (30,1,0,'21/04/17','17/04/18',1,14,713,63,47);
INSERT INTO Reservations (idReservation,acompteVerse,secondPaiement,dateLimitePaiement,dateReservation,annulation,acompteMontant,secondPaiementMontant,idClient,idCircuit) VALUES (31,0,0,'21/04/17','07/07/18',1,59,716,66,26);
INSERT INTO Reservations (idReservation,acompteVerse,secondPaiement,dateLimitePaiement,dateReservation,annulation,acompteMontant,secondPaiementMontant,idClient,idCircuit) VALUES (32,1,0,'05/04/17','25/09/18',1,56,521,88,8);
INSERT INTO Reservations (idReservation,acompteVerse,secondPaiement,dateLimitePaiement,dateReservation,annulation,acompteMontant,secondPaiementMontant,idClient,idCircuit) VALUES (33,0,1,'26/04/17','23/03/18',1,91,889,73,3);
INSERT INTO Reservations (idReservation,acompteVerse,secondPaiement,dateLimitePaiement,dateReservation,annulation,acompteMontant,secondPaiementMontant,idClient,idCircuit) VALUES (34,0,0,'28/04/17','01/01/19',0,52,838,22,38);
INSERT INTO Reservations (idReservation,acompteVerse,secondPaiement,dateLimitePaiement,dateReservation,annulation,acompteMontant,secondPaiementMontant,idClient,idCircuit) VALUES (35,0,0,'22/04/17','03/08/17',1,90,179,4,38);
INSERT INTO Reservations (idReservation,acompteVerse,secondPaiement,dateLimitePaiement,dateReservation,annulation,acompteMontant,secondPaiementMontant,idClient,idCircuit) VALUES (36,0,1,'20/04/17','29/01/18',0,47,256,20,43);
INSERT INTO Reservations (idReservation,acompteVerse,secondPaiement,dateLimitePaiement,dateReservation,annulation,acompteMontant,secondPaiementMontant,idClient,idCircuit) VALUES (37,1,1,'08/04/17','02/07/18',0,37,269,37,45);
INSERT INTO Reservations (idReservation,acompteVerse,secondPaiement,dateLimitePaiement,dateReservation,annulation,acompteMontant,secondPaiementMontant,idClient,idCircuit) VALUES (38,1,1,'24/04/17','04/12/18',1,26,654,55,28);
INSERT INTO Reservations (idReservation,acompteVerse,secondPaiement,dateLimitePaiement,dateReservation,annulation,acompteMontant,secondPaiementMontant,idClient,idCircuit) VALUES (39,0,0,'14/04/17','08/01/19',1,28,647,94,28);
INSERT INTO Reservations (idReservation,acompteVerse,secondPaiement,dateLimitePaiement,dateReservation,annulation,acompteMontant,secondPaiementMontant,idClient,idCircuit) VALUES (40,0,0,'13/04/17','10/06/17',0,25,335,86,27);
INSERT INTO Reservations (idReservation,acompteVerse,secondPaiement,dateLimitePaiement,dateReservation,annulation,acompteMontant,secondPaiementMontant,idClient,idCircuit) VALUES (41,0,1,'20/04/17','08/01/19',1,67,687,72,16);
INSERT INTO Reservations (idReservation,acompteVerse,secondPaiement,dateLimitePaiement,dateReservation,annulation,acompteMontant,secondPaiementMontant,idClient,idCircuit) VALUES (42,0,0,'12/04/17','11/06/17',0,70,985,62,48);
INSERT INTO Reservations (idReservation,acompteVerse,secondPaiement,dateLimitePaiement,dateReservation,annulation,acompteMontant,secondPaiementMontant,idClient,idCircuit) VALUES (43,0,1,'19/04/17','02/11/18',1,54,929,80,40);
INSERT INTO Reservations (idReservation,acompteVerse,secondPaiement,dateLimitePaiement,dateReservation,annulation,acompteMontant,secondPaiementMontant,idClient,idCircuit) VALUES (44,0,1,'29/04/17','15/07/17',1,11,642,37,30);
INSERT INTO Reservations (idReservation,acompteVerse,secondPaiement,dateLimitePaiement,dateReservation,annulation,acompteMontant,secondPaiementMontant,idClient,idCircuit) VALUES (45,0,1,'11/04/17','16/01/18',1,91,386,77,12);
INSERT INTO Reservations (idReservation,acompteVerse,secondPaiement,dateLimitePaiement,dateReservation,annulation,acompteMontant,secondPaiementMontant,idClient,idCircuit) VALUES (46,1,0,'10/04/17','31/07/18',0,82,538,98,30);
INSERT INTO Reservations (idReservation,acompteVerse,secondPaiement,dateLimitePaiement,dateReservation,annulation,acompteMontant,secondPaiementMontant,idClient,idCircuit) VALUES (47,1,0,'12/04/17','03/01/18',0,75,687,57,29);
INSERT INTO Reservations (idReservation,acompteVerse,secondPaiement,dateLimitePaiement,dateReservation,annulation,acompteMontant,secondPaiementMontant,idClient,idCircuit) VALUES (48,0,1,'06/04/17','20/07/18',1,53,799,17,24);
INSERT INTO Reservations (idReservation,acompteVerse,secondPaiement,dateLimitePaiement,dateReservation,annulation,acompteMontant,secondPaiementMontant,idClient,idCircuit) VALUES (49,0,1,'23/04/17','22/11/17',0,46,651,100,35);
INSERT INTO Reservations (idReservation,acompteVerse,secondPaiement,dateLimitePaiement,dateReservation,annulation,acompteMontant,secondPaiementMontant,idClient,idCircuit) VALUES (50,1,0,'24/04/17','24/10/18',0,56,404,36,20);
INSERT INTO Reservations (idReservation,acompteVerse,secondPaiement,dateLimitePaiement,dateReservation,annulation,acompteMontant,secondPaiementMontant,idClient,idCircuit) VALUES (51,0,1,'16/04/17','11/08/18',1,48,863,57,5);
INSERT INTO Reservations (idReservation,acompteVerse,secondPaiement,dateLimitePaiement,dateReservation,annulation,acompteMontant,secondPaiementMontant,idClient,idCircuit) VALUES (52,0,1,'14/04/17','18/01/18',0,6,804,66,4);
INSERT INTO Reservations (idReservation,acompteVerse,secondPaiement,dateLimitePaiement,dateReservation,annulation,acompteMontant,secondPaiementMontant,idClient,idCircuit) VALUES (53,0,0,'06/04/17','06/01/19',1,65,283,52,15);
INSERT INTO Reservations (idReservation,acompteVerse,secondPaiement,dateLimitePaiement,dateReservation,annulation,acompteMontant,secondPaiementMontant,idClient,idCircuit) VALUES (54,1,0,'04/04/17','25/01/19',1,3,7,22,16);
INSERT INTO Reservations (idReservation,acompteVerse,secondPaiement,dateLimitePaiement,dateReservation,annulation,acompteMontant,secondPaiementMontant,idClient,idCircuit) VALUES (55,1,0,'14/04/17','05/10/18',1,13,529,82,39);
INSERT INTO Reservations (idReservation,acompteVerse,secondPaiement,dateLimitePaiement,dateReservation,annulation,acompteMontant,secondPaiementMontant,idClient,idCircuit) VALUES (56,1,0,'22/04/17','20/04/17',1,30,751,74,9);
INSERT INTO Reservations (idReservation,acompteVerse,secondPaiement,dateLimitePaiement,dateReservation,annulation,acompteMontant,secondPaiementMontant,idClient,idCircuit) VALUES (57,1,1,'08/04/17','19/05/18',0,50,833,44,3);
INSERT INTO Reservations (idReservation,acompteVerse,secondPaiement,dateLimitePaiement,dateReservation,annulation,acompteMontant,secondPaiementMontant,idClient,idCircuit) VALUES (58,0,0,'17/04/17','06/02/18',1,63,17,97,15);
INSERT INTO Reservations (idReservation,acompteVerse,secondPaiement,dateLimitePaiement,dateReservation,annulation,acompteMontant,secondPaiementMontant,idClient,idCircuit) VALUES (59,1,0,'25/04/17','17/09/18',1,49,550,86,45);
INSERT INTO Reservations (idReservation,acompteVerse,secondPaiement,dateLimitePaiement,dateReservation,annulation,acompteMontant,secondPaiementMontant,idClient,idCircuit) VALUES (60,1,0,'19/04/17','08/05/17',0,31,1000,37,40);
INSERT INTO Reservations (idReservation,acompteVerse,secondPaiement,dateLimitePaiement,dateReservation,annulation,acompteMontant,secondPaiementMontant,idClient,idCircuit) VALUES (61,0,1,'19/04/17','22/10/17',0,54,914,41,47);
INSERT INTO Reservations (idReservation,acompteVerse,secondPaiement,dateLimitePaiement,dateReservation,annulation,acompteMontant,secondPaiementMontant,idClient,idCircuit) VALUES (62,1,1,'08/04/17','21/03/19',0,66,453,46,35);
INSERT INTO Reservations (idReservation,acompteVerse,secondPaiement,dateLimitePaiement,dateReservation,annulation,acompteMontant,secondPaiementMontant,idClient,idCircuit) VALUES (63,1,1,'09/04/17','11/04/18',0,28,868,83,7);
INSERT INTO Reservations (idReservation,acompteVerse,secondPaiement,dateLimitePaiement,dateReservation,annulation,acompteMontant,secondPaiementMontant,idClient,idCircuit) VALUES (64,0,1,'18/04/17','23/05/18',1,3,943,71,36);
INSERT INTO Reservations (idReservation,acompteVerse,secondPaiement,dateLimitePaiement,dateReservation,annulation,acompteMontant,secondPaiementMontant,idClient,idCircuit) VALUES (65,0,0,'12/04/17','29/11/17',0,57,266,16,50);
INSERT INTO Reservations (idReservation,acompteVerse,secondPaiement,dateLimitePaiement,dateReservation,annulation,acompteMontant,secondPaiementMontant,idClient,idCircuit) VALUES (66,0,1,'29/04/17','13/03/19',0,48,680,34,2);
INSERT INTO Reservations (idReservation,acompteVerse,secondPaiement,dateLimitePaiement,dateReservation,annulation,acompteMontant,secondPaiementMontant,idClient,idCircuit) VALUES (67,0,1,'22/04/17','23/04/18',0,54,269,88,24);
INSERT INTO Reservations (idReservation,acompteVerse,secondPaiement,dateLimitePaiement,dateReservation,annulation,acompteMontant,secondPaiementMontant,idClient,idCircuit) VALUES (68,1,1,'19/04/17','04/06/18',1,62,866,8,48);
INSERT INTO Reservations (idReservation,acompteVerse,secondPaiement,dateLimitePaiement,dateReservation,annulation,acompteMontant,secondPaiementMontant,idClient,idCircuit) VALUES (69,0,1,'22/04/17','21/03/18',0,52,865,87,29);
INSERT INTO Reservations (idReservation,acompteVerse,secondPaiement,dateLimitePaiement,dateReservation,annulation,acompteMontant,secondPaiementMontant,idClient,idCircuit) VALUES (70,1,0,'10/04/17','03/04/18',0,76,981,11,19);
INSERT INTO Reservations (idReservation,acompteVerse,secondPaiement,dateLimitePaiement,dateReservation,annulation,acompteMontant,secondPaiementMontant,idClient,idCircuit) VALUES (71,0,0,'28/04/17','30/09/18',1,5,145,88,2);
INSERT INTO Reservations (idReservation,acompteVerse,secondPaiement,dateLimitePaiement,dateReservation,annulation,acompteMontant,secondPaiementMontant,idClient,idCircuit) VALUES (72,0,1,'29/04/17','05/02/19',1,70,612,63,37);
INSERT INTO Reservations (idReservation,acompteVerse,secondPaiement,dateLimitePaiement,dateReservation,annulation,acompteMontant,secondPaiementMontant,idClient,idCircuit) VALUES (73,1,0,'18/04/17','28/01/19',1,91,367,96,37);
INSERT INTO Reservations (idReservation,acompteVerse,secondPaiement,dateLimitePaiement,dateReservation,annulation,acompteMontant,secondPaiementMontant,idClient,idCircuit) VALUES (74,1,1,'12/04/17','23/03/19',1,54,114,23,46);
INSERT INTO Reservations (idReservation,acompteVerse,secondPaiement,dateLimitePaiement,dateReservation,annulation,acompteMontant,secondPaiementMontant,idClient,idCircuit) VALUES (75,0,1,'14/04/17','17/04/18',0,79,713,31,14);
INSERT INTO Reservations (idReservation,acompteVerse,secondPaiement,dateLimitePaiement,dateReservation,annulation,acompteMontant,secondPaiementMontant,idClient,idCircuit) VALUES (76,1,1,'22/04/17','12/07/17',0,92,455,48,2);
INSERT INTO Reservations (idReservation,acompteVerse,secondPaiement,dateLimitePaiement,dateReservation,annulation,acompteMontant,secondPaiementMontant,idClient,idCircuit) VALUES (77,1,0,'24/04/17','18/08/18',0,42,304,76,38);
INSERT INTO Reservations (idReservation,acompteVerse,secondPaiement,dateLimitePaiement,dateReservation,annulation,acompteMontant,secondPaiementMontant,idClient,idCircuit) VALUES (78,1,0,'22/04/17','06/11/18',0,17,566,69,38);
INSERT INTO Reservations (idReservation,acompteVerse,secondPaiement,dateLimitePaiement,dateReservation,annulation,acompteMontant,secondPaiementMontant,idClient,idCircuit) VALUES (79,1,1,'09/04/17','08/01/19',1,58,383,52,13);
INSERT INTO Reservations (idReservation,acompteVerse,secondPaiement,dateLimitePaiement,dateReservation,annulation,acompteMontant,secondPaiementMontant,idClient,idCircuit) VALUES (80,0,1,'23/04/17','09/11/18',1,58,318,92,47);
INSERT INTO Reservations (idReservation,acompteVerse,secondPaiement,dateLimitePaiement,dateReservation,annulation,acompteMontant,secondPaiementMontant,idClient,idCircuit) VALUES (81,1,1,'09/04/17','06/11/18',1,89,846,63,49);
INSERT INTO Reservations (idReservation,acompteVerse,secondPaiement,dateLimitePaiement,dateReservation,annulation,acompteMontant,secondPaiementMontant,idClient,idCircuit) VALUES (82,1,1,'12/04/17','01/05/17',1,16,692,36,42);
INSERT INTO Reservations (idReservation,acompteVerse,secondPaiement,dateLimitePaiement,dateReservation,annulation,acompteMontant,secondPaiementMontant,idClient,idCircuit) VALUES (83,0,1,'24/04/17','09/08/17',1,83,625,60,26);
INSERT INTO Reservations (idReservation,acompteVerse,secondPaiement,dateLimitePaiement,dateReservation,annulation,acompteMontant,secondPaiementMontant,idClient,idCircuit) VALUES (84,1,1,'08/04/17','05/04/17',0,92,874,10,27);
INSERT INTO Reservations (idReservation,acompteVerse,secondPaiement,dateLimitePaiement,dateReservation,annulation,acompteMontant,secondPaiementMontant,idClient,idCircuit) VALUES (85,0,1,'14/04/17','03/05/17',1,24,908,68,23);
INSERT INTO Reservations (idReservation,acompteVerse,secondPaiement,dateLimitePaiement,dateReservation,annulation,acompteMontant,secondPaiementMontant,idClient,idCircuit) VALUES (86,1,0,'27/04/17','26/01/18',1,3,496,90,47);
INSERT INTO Reservations (idReservation,acompteVerse,secondPaiement,dateLimitePaiement,dateReservation,annulation,acompteMontant,secondPaiementMontant,idClient,idCircuit) VALUES (87,0,1,'06/04/17','08/05/17',1,77,917,56,6);
INSERT INTO Reservations (idReservation,acompteVerse,secondPaiement,dateLimitePaiement,dateReservation,annulation,acompteMontant,secondPaiementMontant,idClient,idCircuit) VALUES (88,0,0,'06/04/17','19/09/18',0,74,576,9,24);
INSERT INTO Reservations (idReservation,acompteVerse,secondPaiement,dateLimitePaiement,dateReservation,annulation,acompteMontant,secondPaiementMontant,idClient,idCircuit) VALUES (89,0,1,'28/04/17','19/06/17',0,16,593,52,19);
INSERT INTO Reservations (idReservation,acompteVerse,secondPaiement,dateLimitePaiement,dateReservation,annulation,acompteMontant,secondPaiementMontant,idClient,idCircuit) VALUES (90,0,1,'12/04/17','27/05/18',0,62,932,37,2);
INSERT INTO Reservations (idReservation,acompteVerse,secondPaiement,dateLimitePaiement,dateReservation,annulation,acompteMontant,secondPaiementMontant,idClient,idCircuit) VALUES (91,0,1,'25/04/17','12/06/18',1,88,529,61,40);
INSERT INTO Reservations (idReservation,acompteVerse,secondPaiement,dateLimitePaiement,dateReservation,annulation,acompteMontant,secondPaiementMontant,idClient,idCircuit) VALUES (92,0,1,'13/04/17','24/04/17',1,48,173,21,1);
INSERT INTO Reservations (idReservation,acompteVerse,secondPaiement,dateLimitePaiement,dateReservation,annulation,acompteMontant,secondPaiementMontant,idClient,idCircuit) VALUES (93,1,1,'12/04/17','19/04/18',0,78,516,40,14);
INSERT INTO Reservations (idReservation,acompteVerse,secondPaiement,dateLimitePaiement,dateReservation,annulation,acompteMontant,secondPaiementMontant,idClient,idCircuit) VALUES (94,0,1,'10/04/17','09/03/19',1,39,553,83,16);
INSERT INTO Reservations (idReservation,acompteVerse,secondPaiement,dateLimitePaiement,dateReservation,annulation,acompteMontant,secondPaiementMontant,idClient,idCircuit) VALUES (95,1,1,'08/04/17','25/09/18',1,99,274,49,33);
INSERT INTO Reservations (idReservation,acompteVerse,secondPaiement,dateLimitePaiement,dateReservation,annulation,acompteMontant,secondPaiementMontant,idClient,idCircuit) VALUES (96,0,0,'15/04/17','14/09/17',1,73,297,69,38);
INSERT INTO Reservations (idReservation,acompteVerse,secondPaiement,dateLimitePaiement,dateReservation,annulation,acompteMontant,secondPaiementMontant,idClient,idCircuit) VALUES (97,1,1,'15/04/17','22/12/18',1,50,768,7,31);
INSERT INTO Reservations (idReservation,acompteVerse,secondPaiement,dateLimitePaiement,dateReservation,annulation,acompteMontant,secondPaiementMontant,idClient,idCircuit) VALUES (98,0,1,'29/04/17','09/07/18',1,34,939,57,45);
INSERT INTO Reservations (idReservation,acompteVerse,secondPaiement,dateLimitePaiement,dateReservation,annulation,acompteMontant,secondPaiementMontant,idClient,idCircuit) VALUES (99,0,1,'19/04/17','03/04/19',1,25,680,48,47);
INSERT INTO Reservations (idReservation,acompteVerse,secondPaiement,dateLimitePaiement,dateReservation,annulation,acompteMontant,secondPaiementMontant,idClient,idCircuit) VALUES (100,1,0,'04/04/17','12/02/19',0,80,832,80,31);


----------------------------
-- Table Hotel
----------------------------

INSERT INTO Hotels (idHotel,nom,telephone,rue,numRue) VALUES (1,'Semper Egestas Urna PC','04 98 98 76 91','P.O. Box 725, 2879 Massa. Street',15);
INSERT INTO Hotels (idHotel,nom,telephone,rue,numRue) VALUES (2,'Vulputate Risus A Limited','06 79 64 24 40','789-3996 Sed Street',24);
INSERT INTO Hotels (idHotel,nom,telephone,rue,numRue) VALUES (3,'Odio Phasellus Institute','08 48 88 36 88','Ap #203-2734 Aliquam Av.',50);
INSERT INTO Hotels (idHotel,nom,telephone,rue,numRue) VALUES (4,'Libero At Foundation','05 74 67 08 03','2581 Phasellus Rd.',44);
INSERT INTO Hotels (idHotel,nom,telephone,rue,numRue) VALUES (5,'Sed Dui Ltd','05 98 23 66 52','466-2432 Nunc St.',45);
INSERT INTO Hotels (idHotel,nom,telephone,rue,numRue) VALUES (6,'Cras Vulputate Velit Corporation','07 76 03 54 23','Ap #875-1060 Etiam Rd.',28);
INSERT INTO Hotels (idHotel,nom,telephone,rue,numRue) VALUES (7,'Metus Vitae PC','03 00 37 31 82','P.O. Box 498, 6365 Vestibulum Road',11);
INSERT INTO Hotels (idHotel,nom,telephone,rue,numRue) VALUES (8,'Nisl Sem Consequat PC','06 64 40 62 39','P.O. Box 995, 7376 Pellentesque Avenue',16);
INSERT INTO Hotels (idHotel,nom,telephone,rue,numRue) VALUES (9,'Sit Corporation','08 89 43 59 14','9524 Nunc Rd.',21);
INSERT INTO Hotels (idHotel,nom,telephone,rue,numRue) VALUES (10,'Ut LLC','08 57 37 04 23','P.O. Box 745, 7564 Euismod St.',17);
INSERT INTO Hotels (idHotel,nom,telephone,rue,numRue) VALUES (11,'Id Nunc Interdum Institute','01 65 64 94 74','136-5798 Ultricies Street',15);
INSERT INTO Hotels (idHotel,nom,telephone,rue,numRue) VALUES (12,'Donec Egestas Duis Corp.','09 11 62 91 42','3510 Nulla. St.',18);
INSERT INTO Hotels (idHotel,nom,telephone,rue,numRue) VALUES (13,'Magnis Dis Corporation','06 83 05 95 72','438-6666 Imperdiet Rd.',42);
INSERT INTO Hotels (idHotel,nom,telephone,rue,numRue) VALUES (14,'Diam Nunc Ullamcorper Corp.','01 26 14 60 61','Ap #774-2773 Conubia Rd.',35);
INSERT INTO Hotels (idHotel,nom,telephone,rue,numRue) VALUES (15,'Inceptos PC','06 91 85 10 78','P.O. Box 191, 7829 Feugiat Street',2);
INSERT INTO Hotels (idHotel,nom,telephone,rue,numRue) VALUES (16,'Sodales Nisi Incorporated','04 48 13 08 50','Ap #774-8993 Semper Ave',49);
INSERT INTO Hotels (idHotel,nom,telephone,rue,numRue) VALUES (17,'Sed Hendrerit Inc.','03 83 25 48 85','P.O. Box 250, 1783 Et Avenue',26);
INSERT INTO Hotels (idHotel,nom,telephone,rue,numRue) VALUES (18,'Aliquet Molestie Tellus LLP','05 79 86 57 22','6606 Nonummy Road',5);
INSERT INTO Hotels (idHotel,nom,telephone,rue,numRue) VALUES (19,'At Ltd','09 31 52 75 64','Ap #986-622 Tellus St.',5);
INSERT INTO Hotels (idHotel,nom,telephone,rue,numRue) VALUES (20,'Urna LLP','06 49 30 08 59','Ap #199-8239 A, Avenue',35);
INSERT INTO Hotels (idHotel,nom,telephone,rue,numRue) VALUES (21,'Elit Corp.','07 85 51 04 42','661-4122 Duis Road',42);
INSERT INTO Hotels (idHotel,nom,telephone,rue,numRue) VALUES (22,'Et Netus LLP','03 04 77 53 30','Ap #242-8964 Lacus. Ave',13);
INSERT INTO Hotels (idHotel,nom,telephone,rue,numRue) VALUES (23,'Lacus Quisque Corp.','07 10 30 19 28','264-6653 Eget Rd.',9);
INSERT INTO Hotels (idHotel,nom,telephone,rue,numRue) VALUES (24,'Penatibus Et Magnis Limited','04 45 74 34 35','P.O. Box 865, 1860 Massa. Street',42);
INSERT INTO Hotels (idHotel,nom,telephone,rue,numRue) VALUES (25,'Faucibus Morbi Vehicula LLC','08 68 85 69 85','Ap #914-4379 Egestas Ave',38);
INSERT INTO Hotels (idHotel,nom,telephone,rue,numRue) VALUES (26,'Neque In Limited','05 76 77 66 74','Ap #549-3519 Tincidunt, St.',27);
INSERT INTO Hotels (idHotel,nom,telephone,rue,numRue) VALUES (27,'Interdum Institute','08 76 23 04 56','144-1874 Fames St.',37);
INSERT INTO Hotels (idHotel,nom,telephone,rue,numRue) VALUES (28,'Nec Enim Nunc Incorporated','04 68 09 69 30','Ap #195-298 Proin Avenue',26);
INSERT INTO Hotels (idHotel,nom,telephone,rue,numRue) VALUES (29,'Scelerisque Neque Industries','08 87 55 72 38','526-6023 Enim. Road',2);
INSERT INTO Hotels (idHotel,nom,telephone,rue,numRue) VALUES (30,'Quam Inc.','07 77 13 44 74','637-5066 Metus. Av.',17);
INSERT INTO Hotels (idHotel,nom,telephone,rue,numRue) VALUES (31,'Ligula Nullam Enim Incorporated','09 99 81 84 11','Ap #330-3316 Nibh St.',7);
INSERT INTO Hotels (idHotel,nom,telephone,rue,numRue) VALUES (32,'Id Incorporated','08 78 86 36 82','P.O. Box 703, 5624 Vel Street',5);
INSERT INTO Hotels (idHotel,nom,telephone,rue,numRue) VALUES (33,'Libero Integer In Corporation','04 74 22 27 59','Ap #707-4449 Ornare, Road',38);
INSERT INTO Hotels (idHotel,nom,telephone,rue,numRue) VALUES (34,'Integer Inc.','02 15 61 65 35','667-456 Ut Rd.',13);
INSERT INTO Hotels (idHotel,nom,telephone,rue,numRue) VALUES (35,'Proin Dolor Nulla Corp.','03 12 76 04 19','567-1666 Nam Street',17);
INSERT INTO Hotels (idHotel,nom,telephone,rue,numRue) VALUES (36,'Nulla Semper Tellus Consulting','02 49 43 09 33','P.O. Box 806, 6710 Felis Rd.',41);
INSERT INTO Hotels (idHotel,nom,telephone,rue,numRue) VALUES (37,'Nulla Eu Neque Institute','06 10 30 08 42','405-4051 Aliquet Ave',14);
INSERT INTO Hotels (idHotel,nom,telephone,rue,numRue) VALUES (38,'Tempus Lorem Fringilla Foundation','07 61 42 63 84','P.O. Box 687, 1710 Sit Av.',32);
INSERT INTO Hotels (idHotel,nom,telephone,rue,numRue) VALUES (39,'Scelerisque Consulting','02 83 31 55 33','436-9600 Orci, St.',18);
INSERT INTO Hotels (idHotel,nom,telephone,rue,numRue) VALUES (40,'Malesuada Id Corp.','01 29 86 32 57','Ap #300-419 Parturient St.',1);
INSERT INTO Hotels (idHotel,nom,telephone,rue,numRue) VALUES (41,'At Pede Cras LLP','04 59 02 69 47','741-1363 Sit Rd.',39);
INSERT INTO Hotels (idHotel,nom,telephone,rue,numRue) VALUES (42,'Ante Vivamus Institute','09 22 73 97 14','138-6782 Fusce St.',9);
INSERT INTO Hotels (idHotel,nom,telephone,rue,numRue) VALUES (43,'Orci Ltd','07 96 19 85 90','P.O. Box 817, 9496 Lacus. Avenue',8);
INSERT INTO Hotels (idHotel,nom,telephone,rue,numRue) VALUES (44,'Nullam PC','08 15 08 07 85','9807 Primis St.',19);
INSERT INTO Hotels (idHotel,nom,telephone,rue,numRue) VALUES (45,'Duis Sit Associates','06 37 52 63 05','623-5238 Suspendisse Rd.',5);
INSERT INTO Hotels (idHotel,nom,telephone,rue,numRue) VALUES (46,'Donec Industries','05 12 81 20 12','949-6283 Auctor, Ave',8);
INSERT INTO Hotels (idHotel,nom,telephone,rue,numRue) VALUES (47,'Aliquam Enim Foundation','08 88 97 82 11','Ap #438-9992 Neque Road',35);
INSERT INTO Hotels (idHotel,nom,telephone,rue,numRue) VALUES (48,'Vitae Consulting','09 28 63 11 11','Ap #798-3624 Ultricies St.',45);
INSERT INTO Hotels (idHotel,nom,telephone,rue,numRue) VALUES (49,'A Arcu Institute','03 85 49 80 82','2117 Eros Road',44);
INSERT INTO Hotels (idHotel,nom,telephone,rue,numRue) VALUES (50,'Luctus Felis PC','01 12 13 71 11','977-4188 Mattis. Street',24);

----------------------------
-- Table Villes
----------------------------

INSERT INTO Villes (idVille,nom,idHotel) VALUES (1,'West Ham',21);
INSERT INTO Villes (idVille,nom,idHotel) VALUES (2,'Bhubaneswar',49);
INSERT INTO Villes (idVille,nom,idHotel) VALUES (3,'Bünyan',41);
INSERT INTO Villes (idVille,nom,idHotel) VALUES (4,'Ranst',46);
INSERT INTO Villes (idVille,nom,idHotel) VALUES (5,'Limbach-Oberfrohna',18);
INSERT INTO Villes (idVille,nom,idHotel) VALUES (6,'Hualañé',9);
INSERT INTO Villes (idVille,nom,idHotel) VALUES (7,'Shippagan',15);
INSERT INTO Villes (idVille,nom,idHotel) VALUES (8,'Roccalumera',21);
INSERT INTO Villes (idVille,nom,idHotel) VALUES (9,'Arles',9);
INSERT INTO Villes (idVille,nom,idHotel) VALUES (10,'Córdoba',19);
INSERT INTO Villes (idVille,nom,idHotel) VALUES (11,'Trani',21);
INSERT INTO Villes (idVille,nom,idHotel) VALUES (12,'Sandviken',15);
INSERT INTO Villes (idVille,nom,idHotel) VALUES (13,'Charters Towers',50);
INSERT INTO Villes (idVille,nom,idHotel) VALUES (14,'Fernie',7);
INSERT INTO Villes (idVille,nom,idHotel) VALUES (15,'Vigo',10);
INSERT INTO Villes (idVille,nom,idHotel) VALUES (16,'Newton Abbot',35);
INSERT INTO Villes (idVille,nom,idHotel) VALUES (17,'College',42);
INSERT INTO Villes (idVille,nom,idHotel) VALUES (18,'Louth',36);
INSERT INTO Villes (idVille,nom,idHotel) VALUES (19,'Moorsel',20);
INSERT INTO Villes (idVille,nom,idHotel) VALUES (20,'Villa Faraldi',29);
INSERT INTO Villes (idVille,nom,idHotel) VALUES (21,'Neuville-en-Condroz',18);
INSERT INTO Villes (idVille,nom,idHotel) VALUES (22,'Linares',27);
INSERT INTO Villes (idVille,nom,idHotel) VALUES (23,'Andernach',20);
INSERT INTO Villes (idVille,nom,idHotel) VALUES (24,'Faisalabad',25);
INSERT INTO Villes (idVille,nom,idHotel) VALUES (25,'Castellana Sicula',21);
INSERT INTO Villes (idVille,nom,idHotel) VALUES (26,'Ulm',42);
INSERT INTO Villes (idVille,nom,idHotel) VALUES (27,'Ahmadpur East',47);
INSERT INTO Villes (idVille,nom,idHotel) VALUES (28,'Catemu',30);
INSERT INTO Villes (idVille,nom,idHotel) VALUES (29,'Sedgewick',31);
INSERT INTO Villes (idVille,nom,idHotel) VALUES (30,'Fahler',33);
INSERT INTO Villes (idVille,nom,idHotel) VALUES (31,'Macon',39);
INSERT INTO Villes (idVille,nom,idHotel) VALUES (32,'Saint-Pierre',28);
INSERT INTO Villes (idVille,nom,idHotel) VALUES (33,'Naperville',37);
INSERT INTO Villes (idVille,nom,idHotel) VALUES (34,'Hamme',5);
INSERT INTO Villes (idVille,nom,idHotel) VALUES (35,'Saint-Malo',11);
INSERT INTO Villes (idVille,nom,idHotel) VALUES (36,'Pamel',25);
INSERT INTO Villes (idVille,nom,idHotel) VALUES (37,'LouveignŽ',2);
INSERT INTO Villes (idVille,nom,idHotel) VALUES (38,'Quilpué',2);
INSERT INTO Villes (idVille,nom,idHotel) VALUES (39,'Pirna',22);
INSERT INTO Villes (idVille,nom,idHotel) VALUES (40,'Wommelgem',15);
INSERT INTO Villes (idVille,nom,idHotel) VALUES (41,'Banbury',40);
INSERT INTO Villes (idVille,nom,idHotel) VALUES (42,'Brora',27);
INSERT INTO Villes (idVille,nom,idHotel) VALUES (43,'Sint-Kruis',39);
INSERT INTO Villes (idVille,nom,idHotel) VALUES (44,'Saint-Denis',31);
INSERT INTO Villes (idVille,nom,idHotel) VALUES (45,'Hull',18);
INSERT INTO Villes (idVille,nom,idHotel) VALUES (46,'Bingen',39);
INSERT INTO Villes (idVille,nom,idHotel) VALUES (47,'Alassio',40);
INSERT INTO Villes (idVille,nom,idHotel) VALUES (48,'Banbury',32);
INSERT INTO Villes (idVille,nom,idHotel) VALUES (49,'Pont-de-Loup',40);
INSERT INTO Villes (idVille,nom,idHotel) VALUES (50,'Llandovery',7);



-----------------------
-- Table visite
-----------------------

INSERT INTO visite (Nombrenuits,Datearrivee,idCircuit,idVille) VALUES (10,'02/06/18',40,1);
INSERT INTO visite (Nombrenuits,Datearrivee,idCircuit,idVille) VALUES (6,'31/10/18',47,11);
INSERT INTO visite (Nombrenuits,Datearrivee,idCircuit,idVille) VALUES (6,'11/07/18',36,32);
INSERT INTO visite (Nombrenuits,Datearrivee,idCircuit,idVille) VALUES (7,'27/10/17',48,18);
INSERT INTO visite (Nombrenuits,Datearrivee,idCircuit,idVille) VALUES (1,'05/06/17',9,20);
INSERT INTO visite (Nombrenuits,Datearrivee,idCircuit,idVille) VALUES (10,'07/11/17',14,49);
INSERT INTO visite (Nombrenuits,Datearrivee,idCircuit,idVille) VALUES (6,'30/08/18',30,39);
INSERT INTO visite (Nombrenuits,Datearrivee,idCircuit,idVille) VALUES (4,'13/04/17',43,28);
INSERT INTO visite (Nombrenuits,Datearrivee,idCircuit,idVille) VALUES (2,'07/07/17',30,31);
INSERT INTO visite (Nombrenuits,Datearrivee,idCircuit,idVille) VALUES (10,'16/05/18',47,36);
INSERT INTO visite (Nombrenuits,Datearrivee,idCircuit,idVille) VALUES (9,'16/05/17',37,22);
INSERT INTO visite (Nombrenuits,Datearrivee,idCircuit,idVille) VALUES (4,'12/07/18',37,17);
INSERT INTO visite (Nombrenuits,Datearrivee,idCircuit,idVille) VALUES (6,'02/02/18',34,3);
INSERT INTO visite (Nombrenuits,Datearrivee,idCircuit,idVille) VALUES (9,'20/12/17',50,12);
INSERT INTO visite (Nombrenuits,Datearrivee,idCircuit,idVille) VALUES (2,'20/06/17',34,20);
INSERT INTO visite (Nombrenuits,Datearrivee,idCircuit,idVille) VALUES (3,'14/12/17',36,8);
INSERT INTO visite (Nombrenuits,Datearrivee,idCircuit,idVille) VALUES (4,'05/11/18',22,27);
INSERT INTO visite (Nombrenuits,Datearrivee,idCircuit,idVille) VALUES (8,'06/12/17',10,15);
INSERT INTO visite (Nombrenuits,Datearrivee,idCircuit,idVille) VALUES (5,'23/01/19',29,5);
INSERT INTO visite (Nombrenuits,Datearrivee,idCircuit,idVille) VALUES (5,'21/12/18',3,6);
INSERT INTO visite (Nombrenuits,Datearrivee,idCircuit,idVille) VALUES (8,'15/10/18',47,42);
INSERT INTO visite (Nombrenuits,Datearrivee,idCircuit,idVille) VALUES (8,'05/10/18',34,25);
INSERT INTO visite (Nombrenuits,Datearrivee,idCircuit,idVille) VALUES (7,'01/12/18',47,39);
INSERT INTO visite (Nombrenuits,Datearrivee,idCircuit,idVille) VALUES (10,'03/11/18',36,28);
INSERT INTO visite (Nombrenuits,Datearrivee,idCircuit,idVille) VALUES (4,'23/12/17',13,18);
INSERT INTO visite (Nombrenuits,Datearrivee,idCircuit,idVille) VALUES (9,'03/05/17',21,30);
INSERT INTO visite (Nombrenuits,Datearrivee,idCircuit,idVille) VALUES (2,'17/10/17',8,41);
INSERT INTO visite (Nombrenuits,Datearrivee,idCircuit,idVille) VALUES (10,'28/12/17',42,6);
INSERT INTO visite (Nombrenuits,Datearrivee,idCircuit,idVille) VALUES (3,'13/08/18',11,15);
INSERT INTO visite (Nombrenuits,Datearrivee,idCircuit,idVille) VALUES (3,'22/10/17',50,40);
INSERT INTO visite (Nombrenuits,Datearrivee,idCircuit,idVille) VALUES (5,'31/10/18',28,23);
INSERT INTO visite (Nombrenuits,Datearrivee,idCircuit,idVille) VALUES (9,'03/05/18',23,46);
INSERT INTO visite (Nombrenuits,Datearrivee,idCircuit,idVille) VALUES (3,'04/07/17',19,41);
INSERT INTO visite (Nombrenuits,Datearrivee,idCircuit,idVille) VALUES (3,'03/05/17',24,13);
INSERT INTO visite (Nombrenuits,Datearrivee,idCircuit,idVille) VALUES (5,'24/08/18',35,29);
INSERT INTO visite (Nombrenuits,Datearrivee,idCircuit,idVille) VALUES (10,'19/08/18',25,18);
INSERT INTO visite (Nombrenuits,Datearrivee,idCircuit,idVille) VALUES (2,'06/06/17',9,19);
INSERT INTO visite (Nombrenuits,Datearrivee,idCircuit,idVille) VALUES (8,'23/06/18',18,32);
INSERT INTO visite (Nombrenuits,Datearrivee,idCircuit,idVille) VALUES (7,'16/08/17',49,4);
INSERT INTO visite (Nombrenuits,Datearrivee,idCircuit,idVille) VALUES (5,'18/02/19',16,34);
INSERT INTO visite (Nombrenuits,Datearrivee,idCircuit,idVille) VALUES (3,'11/12/17',9,29);
INSERT INTO visite (Nombrenuits,Datearrivee,idCircuit,idVille) VALUES (5,'25/09/17',38,16);
INSERT INTO visite (Nombrenuits,Datearrivee,idCircuit,idVille) VALUES (8,'22/10/18',1,24);
INSERT INTO visite (Nombrenuits,Datearrivee,idCircuit,idVille) VALUES (8,'22/03/18',45,38);
INSERT INTO visite (Nombrenuits,Datearrivee,idCircuit,idVille) VALUES (5,'20/04/17',45,24);
INSERT INTO visite (Nombrenuits,Datearrivee,idCircuit,idVille) VALUES (10,'03/09/17',13,4);
INSERT INTO visite (Nombrenuits,Datearrivee,idCircuit,idVille) VALUES (6,'23/10/17',13,20);
INSERT INTO visite (Nombrenuits,Datearrivee,idCircuit,idVille) VALUES (8,'19/04/17',23,3);
INSERT INTO visite (Nombrenuits,Datearrivee,idCircuit,idVille) VALUES (2,'14/08/17',50,1);
INSERT INTO visite (Nombrenuits,Datearrivee,idCircuit,idVille) VALUES (4,'17/09/17',17,2);


